epoch,2021_11_24__10_09_25_daily_lr_0.0001_epoch_10_metric_sortino
0,-0.1369895488023758
1,-0.08699347823858261
2,-0.02939685434103012
3,0.14803344011306763
4,-0.032395534217357635
5,-0.1122632548213005
6,0.080659881234169
7,0.07123274356126785
8,0.023919904604554176
9,0.071858249604702
