epoch,2021_11_24__10_10_19_daily_lr_0.001_epoch_10_metric_sharpe
0,-0.05601675435900688
1,-0.004179697018116713
2,-0.07921255379915237
3,-0.10239657014608383
4,-0.048740968108177185
5,0.02178177610039711
6,0.0729459822177887
7,0.03363955765962601
8,-0.014610660262405872
9,-0.07221115380525589
