epoch,2021_11_24__10_10_19_daily_lr_1e-05_epoch_10_metric_sortino
0,-0.003156256629154086
1,0.015477396547794342
2,-0.12827622890472412
3,-0.05494648218154907
4,0.07011473923921585
5,0.020235935226082802
6,0.09799982607364655
7,-0.09319564700126648
8,-0.07106348127126694
9,-0.05308570712804794
