epoch,2021_11_24__10_10_19_daily_lr_0.0001_epoch_10_metric_sharpe
0,-0.06623725593090057
1,-0.09462001174688339
2,0.016825469210743904
3,-0.07734698802232742
4,0.020625954493880272
5,-0.038718245923519135
6,0.026547104120254517
7,-0.00991359818726778
8,-0.08619358390569687
9,0.02641029842197895
