epoch,2021_11_24__10_06_12_daily_lr_0.0001_epoch_10_metric_sharpe
0,0.054718613624572754
1,-0.1431761234998703
2,0.018743643537163734
3,-0.11573959141969681
4,-0.05939778685569763
5,-0.13040348887443542
6,-0.13021397590637207
7,-0.11474301666021347
8,0.028568841516971588
9,0.06838855892419815
