epoch,2021_11_24__10_09_25_daily_lr_0.001_epoch_10_metric_sortino
0,0.01480728667229414
1,0.04250098764896393
2,-0.17011359333992004
3,0.035080134868621826
4,0.0517297126352787
5,0.052877943962812424
6,-0.09944973140954971
7,-0.19305816292762756
8,-0.10585828125476837
9,0.018684444949030876
