epoch,2021_11_24__10_09_25_daily_lr_0.0001_epoch_10_metric_sharpe
0,-0.053190045058727264
1,0.009446137584745884
2,-0.01791471242904663
3,-0.04989098757505417
4,-0.07348605990409851
5,-0.07541026920080185
6,-0.05575331673026085
7,0.07927175611257553
8,-0.010760804638266563
9,0.034031521528959274
