epoch,2021_11_24__10_09_25_daily_lr_1e-05_epoch_10_metric_sortino
0,-0.034872643649578094
1,-0.17301136255264282
2,0.08354891091585159
3,0.02114998735487461
4,-0.040949203073978424
5,0.01606304943561554
6,0.030765799805521965
7,0.010777929797768593
8,-0.017109159380197525
9,-0.005647569894790649
