epoch,2021_12_03__00_42_14_daily_lr_1e-06_epoch_10_metric_sortino
0,0.167837992310524
1,0.01341690868139267
2,-0.07097887247800827
3,-0.02304345928132534
4,0.04379943385720253
5,0.06153351068496704
6,0.045959535986185074
7,-0.12672890722751617
8,0.06430719792842865
9,0.05009922385215759
