epoch,2021_12_03__00_39_57_daily_lr_1e-06_epoch_10_metric_sortino
0,0.009856583550572395
1,-0.08748035877943039
2,0.06665582954883575
3,0.062381286174058914
4,0.0054258559830486774
5,-0.20647993683815002
6,-0.03789572790265083
7,-0.16404657065868378
8,-0.014816585928201675
9,0.09810574352741241
