epoch,2021_11_24__10_06_13_daily_lr_0.0001_epoch_10_metric_sortino
0,0.09501084685325623
1,0.06735821813344955
2,-0.0557497963309288
3,0.20457413792610168
4,0.060700204223394394
5,0.06985009461641312
6,-0.004794099368155003
7,-0.07820367068052292
8,-0.048621390014886856
9,0.027481377124786377
