epoch,2021_11_24__10_09_25_daily_lr_0.001_epoch_10_metric_sharpe
0,-0.055731285363435745
1,-0.0006260216468945146
2,0.037039339542388916
3,0.0411100871860981
4,-0.05208596959710121
5,-0.11616556346416473
6,-0.08084143698215485
7,-0.12081816792488098
8,-0.014937680214643478
9,-0.13597731292247772
