epoch,2021_11_24__10_09_25_daily_lr_1e-05_epoch_10_metric_sharpe
0,0.01182483695447445
1,0.053174298256635666
2,-0.07754912227392197
3,-0.05424647778272629
4,-0.013312865048646927
5,0.050268206745386124
6,0.015270027332007885
7,-0.05733124166727066
8,-0.004879636224359274
9,-0.0359337218105793
