epoch,2021_11_24__10_06_12_daily_lr_0.001_epoch_10_metric_sharpe
0,0.020134659484028816
1,0.04460454359650612
2,0.0044587827287614346
3,-0.00013443724310491234
4,-0.04418518766760826
5,-0.014590954408049583
6,-0.09074350446462631
7,-0.16044044494628906
8,-0.12300810217857361
9,0.05483066290616989
