epoch,2021_11_24__10_10_19_daily_lr_1e-05_epoch_10_metric_sharpe
0,0.03981563821434975
1,-0.08676690608263016
2,-0.0177045576274395
3,-0.050830304622650146
4,-0.06492504477500916
5,0.020652972161769867
6,0.050483208149671555
7,-0.10557821393013
8,0.00022954167798161507
9,-0.04887829348444939
