epoch,2021_11_24__10_10_19_daily_lr_0.001_epoch_10_metric_sortino
0,0.04150684177875519
1,-0.08477148413658142
2,-0.13710002601146698
3,0.048330649733543396
4,-0.005731578916311264
5,-0.10023799538612366
6,0.22174939513206482
7,0.2145925760269165
8,-0.2876201570034027
9,0.07974126189947128
