epoch,2021_11_24__10_10_19_daily_lr_0.001_epoch_10_metric_sharpe
0,1.0014910515443431
1,1.0392360629622908
2,1.007412772291829
3,1.0699012293573609
4,1.1450074838578548
5,0.7872309065708807
6,1.0375795767436142
7,1.1008524652124083
8,1.0519234440067833
9,1.008552288787243
