epoch,2021_11_24__10_09_25_daily_lr_1e-05_epoch_10_metric_sharpe
0,0.7300590100831394
1,1.1961365104268575
2,1.0278267101324476
3,0.9882147399299314
4,1.0330034634482224
5,1.1271138169492625
6,1.1097485486847827
7,0.9791483828350253
8,1.0887812888992694
9,1.062593922436328
