epoch,2021_12_03__00_40_32_daily_lr_1e-06_epoch_10_metric_sortino
0,1.1197934250459511
1,0.9089030979250895
2,1.0365201794602596
3,1.0170048308562398
4,1.0611396619020725
5,1.1074781663721476
6,1.008335087851725
7,1.1339991460693866
8,0.9865077845637544
9,1.072256668404132
