epoch,2021_11_24__10_06_12_daily_lr_0.0001_epoch_10_metric_sharpe
0,1.094222452075127
1,1.1334013882333498
2,1.0677617232381884
3,1.03112076264887
4,0.9934885299006987
5,1.0445708044076862
6,1.0325888067153683
7,1.0319611826044408
8,1.0638832496150632
9,0.8884190201821472
