epoch,2021_11_24__10_10_19_daily_lr_0.001_epoch_10_metric_sortino
0,1.0429726761911864
1,1.0784037958270924
2,1.0687065557355293
3,1.1444882361432613
4,0.8797617469272666
5,1.021908714031802
6,1.171782865554241
7,1.1655458928353042
8,1.0263029812740545
9,1.1966834703316704
