epoch,2021_11_24__10_09_25_daily_lr_1e-05_epoch_10_metric_sortino
0,1.062637118147985
1,1.0775521130129089
2,1.1458130053798228
3,1.135939416121673
4,1.0452580017694164
5,1.0463543051102469
6,0.8328872692665298
7,1.0450565240901142
8,1.1468371482074033
9,0.9201535962580186
