epoch,2021_12_03__00_39_57_daily_lr_1e-06_epoch_10_metric_sortino
0,1.1098306556531297
1,1.1044900159022053
2,0.7908800759987518
3,0.8197556458550708
4,1.0293490640892973
5,1.0163241324932462
6,1.033653007675132
7,1.0399011595552228
8,0.9966861352442813
9,1.1374814453284607
