epoch,2021_12_03__00_42_42_daily_lr_1e-06_epoch_10_metric_sortino
0,1.027987494694684
1,0.9514902157638998
2,1.0792128273039423
3,1.0595439558601323
4,0.9757205714977281
5,0.9167779656179211
6,1.0343553481160297
7,1.1277811995357627
8,1.1406741570252554
9,1.024140094279082
