epoch,2021_11_24__10_09_25_daily_lr_0.001_epoch_10_metric_sortino
0,1.056197568002366
1,1.140218854393771
2,1.0308613590033218
3,1.1381535845324964
4,0.9140171400650633
5,0.8706148037397023
6,1.032614022096272
7,1.042389061795344
8,1.0358769874252107
9,0.7394626657988106
