epoch,2021_11_24__10_10_19_daily_lr_1e-05_epoch_10_metric_sortino
0,1.0971146169389492
1,0.9402711190766593
2,1.0762431893988926
3,1.0845395469294046
4,1.0745175604376491
5,0.9237511007625466
6,1.078200969998609
7,0.9939685347367402
8,1.0393104556523125
9,1.0577150683397658
