epoch,2021_12_03__00_42_14_daily_lr_1e-06_epoch_10_metric_sortino
0,1.0843969606143782
1,1.0638647809187707
2,1.0282122967312242
3,1.0395455274091556
4,1.1095782601734456
5,1.0177900980334493
6,0.9207977618041042
7,0.9579053222407837
8,0.8266755910375683
9,1.0420726366465836
