epoch,2021_11_24__10_09_25_daily_lr_0.0001_epoch_10_metric_sortino
0,1.018313984243367
1,1.0079461656012403
2,1.0635748881866611
3,1.1238989856959485
4,1.0107166965703906
5,1.1052701211603178
6,0.9105575441459356
7,0.8969697843858679
8,1.074227902342538
9,1.0401036891590671
