epoch,2021_11_24__10_09_25_daily_lr_0.0001_epoch_10_metric_sharpe
0,1.0218178319846714
1,0.7403224594485833
2,1.0134167993333902
3,1.1121404711480238
4,0.96502649365207
5,1.081709521050811
6,1.08560936817098
7,1.0343837509882243
8,1.017294077680133
9,0.8231931857113
