epoch,2021_11_24__10_10_19_daily_lr_0.0001_epoch_10_metric_sharpe
0,1.0283585322405595
1,1.1528037605541976
2,1.116946159877764
3,1.0255210273778337
4,1.0796260648810316
5,1.028803737150496
6,0.8024993427373585
7,1.064536510449972
8,1.0367673268661548
9,1.1573872083228978
