epoch,2021_11_24__10_10_19_daily_lr_1e-05_epoch_10_metric_sharpe
0,1.1088028549498041
1,0.9611801912658265
2,1.0687698036200317
3,1.0355307592357734
4,0.9686982079277364
5,1.0656011925375457
6,1.1153038768992267
7,1.138797357403113
8,1.0768910495952566
9,1.1508290258506098
