epoch,2021_11_24__10_06_12_daily_lr_0.001_epoch_10_metric_sharpe
0,1.0981821801821952
1,1.1655818972289147
2,1.0323441744791029
3,1.1319164004099345
4,1.1228722950192676
5,1.1321465131870596
6,0.9609023602865812
7,1.1142592187828328
8,1.0629384127296078
9,1.3339125962251583
